programme,source_folder,total_major_units,requirement_structure,core_competencies,supporting_or_optional_competencies,evidence_summary,overall_interpretation,limitations
X & Aerospace Science and Earth Informatics Double Major Programme[a],X及航天科学与地球信息学双主修课程,90,"required courses, major electives, streams/specializations",Research and methodological ability; Domain-specific professional knowledge,Practical application and industry readiness,"Research and methodological ability: 9. For Physics as 1st Major, all Major Required (excluding PHY1910 ), Research Component and || Domain-specific professional knowledge: 9. For Physics as 1st Major, all Major Required (excluding PHY1910 ), Research Component and; 9. 以物理學為第一主修，其所有列於第一主修課程要求的必修科目(除 PHY1910 之外)、 || Practical application and industry readiness: Field Trips: ASEI1090, COOP1001, 2001, EESC1009, 2009, 2119, 2129,","This programme appears to train students primarily in Research and methodological ability, Domain-specific professional knowledge.",Based on study scheme requirements and course titles; course descriptions and learning outcomes are not included unless present in the PDF.
X & Interdisciplinary Data Analytics Double Major Programme[a],X及跨学科数据分析双主修课程,90,"required courses, major electives, streams/specializations",,Practical application and industry readiness,"Practical application and industry readiness: ii) Field Trips: COOP1001, 2001",This programme appears to provide a profile centered on Practical application and industry readiness.,Based on study scheme requirements and course titles; course descriptions and learning outcomes are not included unless present in the PDF.
临床医学,临床医学,222,programme requirements and course list,"Communication, writing, and presentation; Domain-specific professional knowledge; Practical application and industry readiness",Foundational disciplinary knowledge; Research and methodological ability,"Foundational disciplinary knowledge: GFH1000 GE Foundation: In Dialogue with; GFN1000 GE Foundation: In Dialogue with || Research and methodological ability: MED4500 - Selected Study Modules II (Medical Research) 24 || Communication, writing, and presentation: MED3200 - Communication Skills I 1; MED4200 - Communication Skills II 1; MED4210 - Communication Skills III 1; MED4220 - Communication Skills IV 1 || Domain-specific professional knowledge: MED1021 - Biochemistry and Organic Chemistry I 2; MED1022 - Biochemistry and Organic Chemistry II 2; MED1031 - Medicine and Modern Technology I 2; MED1032 - Medicine and Modern Technology II 2; MED2040 - Microbiology 2 || Practical application and industry readiness: MED1100 - Bioethics and Professionalism I 1; MED2100 - Bioethics and Professionalism II 1; MED3020 - Junior Medical Practice 12; MED3021 - Junior Surgical Practice 12; MED3100 - Bioethics and Professionalism III 1","This programme appears to train students primarily in Communication, writing, and presentation, Domain-specific professional knowledge, Practical application and industry readiness.",Based on study scheme requirements and course titles; course descriptions and learning outcomes are not included unless present in the PDF.
Artificial Intelligence,人工智能,72,"required courses, major electives, streams/specializations","Foundational disciplinary knowledge; Mathematical or quantitative reasoning; Programming and computing ability; Data, digital, and AI literacy; Research and methodological ability; Domain-specific professional knowledge; Practical application and industry readiness","Statistical reasoning and empirical analysis; Communication, writing, and presentation","Foundational disciplinary knowledge: AIE1001 Introduction to AI Programming 人工智能編程導論 3; AIE2040 Statistical Foundations for AI 人工智能統計基礎 3; MGT2020 Principles of Management 管理學原理 3; AIE2001 Introduction to Cognitive Science 認知科學導論 3; ECE3300 Introduction to AI Infrastructure 人工智能基礎架構導論 3 || Mathematical or quantitative reasoning: MAT1001 Calculus I 微積分（一） 3; MAT1011 Honours Calculus I 微積分榮譽課程（一） 3; MAT1002 Calculus II 微積分（二） 3; MAT1012 Honours Calculus II 微積分榮譽課程（二） 3; MAT2040 Linear Algebra 線性代數 3 || Statistical reasoning and empirical analysis: AIE2040 Statistical Foundations for AI 人工智能統計基礎 3 || Programming and computing ability: AIE1001 Introduction to AI Programming 人工智能編程導論 3; AIE1003 Ethics in AI, Data and Algorithms 人工智能、數據與演算法倫理 2; CSC3200 Data Structures and Advanced; AIE3002 AI and Quantum Computing 人工智能與量子計算 3 || Data, digital, and AI literacy: AIE1001 Introduction to AI Programming 人工智能編程導論 3; AIE1901 AI Exploration I 人工智能探索（一） 2; AIE1902 AI Exploration II 人工智能探索（二） 2; AIE2040 Statistical Foundations for AI 人工智能統計基礎 3; AIE1003 Ethics in AI, Data and Algorithms 人工智能、數據與演算法倫理 2 || Research and methodological ability: AIE4901 AI Capstone Project I 人工智能畢業設計（一） 2; AIE4902 AI Capstone Project II 人工智能畢業設計（二） 2 || Communication, writing, and presentation: AIE3005 Signal Analysis and Representation 信息分析與表徵 3 || Domain-specific professional knowledge: CHM1001 General Chemistry 普通化學 3; MGT2020 Principles of Management 管理學原理 3; AIE1004 AI Regulation and Governance 人工智能規管與治理 2; CHM2310 Organic Chemistry I 有機化學 (一) 3; MSE2001 Chemical Foundation for Materials 材料的化學基礎 3","This programme appears to train students primarily in Foundational disciplinary knowledge, Mathematical or quantitative reasoning, Programming and computing ability, Data, digital, and AI literacy.",Based on study scheme requirements and course titles; course descriptions and learning outcomes are not included unless present in the PDF.
Professional Accountancy,会计学,72,"required courses, major electives, streams/specializations","Foundational disciplinary knowledge; Mathematical or quantitative reasoning; Statistical reasoning and empirical analysis; Data, digital, and AI literacy; Research and methodological ability; Domain-specific professional knowledge","Programming and computing ability; Language, textual, and cross-cultural competence","Foundational disciplinary knowledge: MGT2020 Principles of Management 管理原理 3; ACT3131 Accounting Theory 會計理論 3; FIN2020 Foundation of Finance 金融學基礎 3 || Mathematical or quantitative reasoning: STA2001 Probability and Statistics I 概率及統計（一） 3; BMA2020 Mathematical Modeling and; ECO3211 Quantitative Methods for Policy || Statistical reasoning and empirical analysis: ECO2121 Introductory Statistics 統計學導論 3; STA2001 Probability and Statistics I 概率及統計（一） 3; ECO3121 Introductory Econometrics 計量經濟學導論 3; BMA3002 Statistical Learning for Business 商業統計學習 3 || Programming and computing ability: BMA2010 Programming for Business 商業編程 3 || Data, digital, and AI literacy: ACT4221 Data Analytics for Management; ACT4244 Artificial Intelligence for Accounting; ACT4311 Data Mining for Accounting; ACT4321 Accounting Database and Data; BMA3001 Data Analytics for Business 商業數據分析 3 || Research and methodological ability: ACT4141 Intro to Accounting Research 會計研究導論 3; ACT4312 Directed Research in Accounting I 會計學定向研究 I 3; ACT4313 Directed Research in Accounting II 會計學定向研究 II 2; ECO3211 Quantitative Methods for Policy || Language, textual, and cross-cultural competence: ACT3321 Textual Analysis for Accounting and || Domain-specific professional knowledge: ACT2111 Introductory Financial Accounting 財務會計導論 3; ACT4253 Business Ethics and Corporate Social; DMS2030 Operations Management 運營管理 3; ECO2011 Introductory Microeconomics 微觀經濟學導論 3; FIN2010 Financial Management 財務管理 3","This programme appears to train students primarily in Foundational disciplinary knowledge, Mathematical or quantitative reasoning, Statistical reasoning and empirical analysis, Data, digital, and AI literacy.",Based on study scheme requirements and course titles; course descriptions and learning outcomes are not included unless present in the PDF.
Music Composition and Theory,作曲与作曲技术理论,70,"required courses, major electives, streams/specializations",Foundational disciplinary knowledge; Research and methodological ability; Practical application and industry readiness,"Statistical reasoning and empirical analysis; Language, textual, and cross-cultural competence; Domain-specific professional knowledge","Foundational disciplinary knowledge: MUS1150 Introduction to Music Literature I 音樂文獻概論 I 2; MUS1151 Introduction to Music Literature II 音樂文獻概論 II 2; MUS2700* Introduction to Music Therapy 音樂治療導論 2 || Statistical reasoning and empirical analysis: MUS4112 A Survey of Contemporary Music 當代音樂概論 3 || Research and methodological ability: MUS3901 Special Project I 特別專案 I 3; MUS3902 Special Project II 特別專案 II 3; MUS4901 Special Project III 特別專案 III 3; MUS4902 Special Project IV 特別專案 IV 3; MUS4903 Special Project V 特別專案 Ⅴ 3 || Language, textual, and cross-cultural competence: MUS3113 Music in World Culture 世界文化中的音樂 3; MUS4113* Music in Popular Culture 流行文化中的音樂 3 || Domain-specific professional knowledge: MUS1110 Materials and Structure of Music I 音樂材料與結構 I 2; MUS3700* Music Management and Promotion 音樂管理與推廣 2 || Practical application and industry readiness: MUS1001 Applied Music I 專業主修 I 2; MUS1002 Applied Music II 專業主修 II 2; MUS1007 Aural Practice and Perception I 聽音練習和感知 I 2; MUS3111 Advanced Harmonic Practice 高級和聲學 3; MUS1008 Aural Practice and Perception II 聽音練習和感知 II 2","This programme appears to train students primarily in Foundational disciplinary knowledge, Research and methodological ability, Practical application and industry readiness.",Based on study scheme requirements and course titles; course descriptions and learning outcomes are not included unless present in the PDF.
Chemistry,化学,72,"required courses, major electives, streams/specializations",Foundational disciplinary knowledge; Research and methodological ability; Domain-specific professional knowledge,"Mathematical or quantitative reasoning; Statistical reasoning and empirical analysis; Data, digital, and AI literacy","Foundational disciplinary knowledge: Option C# CSC1001 Introduction to Computer Science:; CSC1003 Introduction to Computer Science; CHM3520 Introduction to Materials Science; CHM3540 Introduction to Functional Materials 功能材料導論 3; MSE3013 Principles of Chemical Engineering 化工原理 3 || Mathematical or quantitative reasoning: Option F# STA2001 Probability and Statistics Ⅰ 概率及統計（一） 3 || Statistical reasoning and empirical analysis: Option F# STA2001 Probability and Statistics Ⅰ 概率及統計（一） 3 || Data, digital, and AI literacy: CSC1006 Artificial Intelligence for Science; CHM4342 AI for Chemistry 化學中的人工智能 3 || Research and methodological ability: CSC1002 Computational Laboratory 計算機實驗 1; CSC1004 Computational Laboratory Using; CHM2118 Analytical Chemistry Laboratory 分析化學實驗 2; CHM2228 Inorganic Chemistry Laboratory 無機化學實驗 2; CHM2338 Organic Chemistry Laboratory 有機化學實驗 3 || Domain-specific professional knowledge: Option H# CHM1001 General Chemistry 普通化學 3; Option I# CHM1011 Honours General Chemistry 普通化學榮譽課程 3; BIO2004 Biochemistry 生物化學 3; CHM2002 Physical Chemistry 物理化學 3; CHM2110 Analytical Chemistry 分析化學 3","This programme appears to train students primarily in Foundational disciplinary knowledge, Research and methodological ability, Domain-specific professional knowledge.",Based on study scheme requirements and course titles; course descriptions and learning outcomes are not included unless present in the PDF.
Global Business Studies,国际商务,60,"required courses, major electives, streams/specializations","Foundational disciplinary knowledge; Mathematical or quantitative reasoning; Statistical reasoning and empirical analysis; Data, digital, and AI literacy; Domain-specific professional knowledge; Practical application and industry readiness","Research and methodological ability; Communication, writing, and presentation","Foundational disciplinary knowledge: MGT2020 Principles of Management 管理原理 3; BMA3301 Introduction to Business Intelligence; ECO3160 Game Theory and Business Strategy 博弈論與商業戰略 3; MGT4130 Organization Theory and Design 組織理論與設計 3 || Mathematical or quantitative reasoning: STA2001 Probability and Statistics I 概率及統計（一） 3; MAT1005 Mathematics for Business and; DMS3002 Applied Probability and Stochastic; MAT1001 Calculus I 微積分（一） 3; MGT3780 Quantitative strategic analysis 量化戰略分析 3 || Statistical reasoning and empirical analysis: ECO2121 Introductory Statistics 統計學導論 3; STA2001 Probability and Statistics I 概率及統計（一） 3; ECO3121 Introductory Econometrics 計量經濟學導論 3 || Data, digital, and AI literacy: DMS3003 Data Analytics and Decision Making 數據分析和決策制定 3; MGT4080 People Analytics 人員分析學 3; MGT4187 Managerial Analytics 管理分析 3 || Research and methodological ability: MGT4188 Internship / Practicum / Research 實習/研究 3 || Communication, writing, and presentation: MGT4030 Creating Presentation Self -Efficacy || Domain-specific professional knowledge: ACT2111 Introductory Financial Accounting 財務會計導論 3; ACT4253 Business Ethics and Corporate Social; DMS2030 Operations Management 運營管理 3; ECO2011 Introductory Microeconomics 微觀經濟學導論 3; FIN2010 Financial Management 財務管理 3 || Practical application and industry readiness: DMS3002 Applied Probability and Stochastic; IDE2097 Entrepreneurship Practicum 創業實習（一） 3; MGT4020 Case Study 案例分析 3; MGT4188 Internship / Practicum / Research 實習/研究 3; MGT4189 Entrepreneurship Practicum 創業實習 3","This programme appears to train students primarily in Foundational disciplinary knowledge, Mathematical or quantitative reasoning, Statistical reasoning and empirical analysis, Data, digital, and AI literacy.",Based on study scheme requirements and course titles; course descriptions and learning outcomes are not included unless present in the PDF.
International Organizations and Global Governance,国际组织与全球治理,72,"required courses, major electives, streams/specializations",Foundational disciplinary knowledge; Research and methodological ability; Domain-specific professional knowledge,"Communication, writing, and presentation","Foundational disciplinary knowledge: HSS1006 Introduction to Sociology 社會學導論 3; HSS1008 Principles of Economics 經濟學原理 3; HSS1010 Principles of Political Science 政治學原理 3; HSS1011 Introduction to Social Science Research 社會科學研究導論 3; GLB2010 Introduction to Wo rld Politics 世界政治學概論 3 || Research and methodological ability: HSS1011 Introduction to Social Science Research 社會科學研究導論 3; GLB4030 Capstone Course I 全球治理專題研究（一） 3; GLB4040 Capstone Course II 全球治理專題研究（二） 3; GLB4160 Special Topics in Global Studies I 全球研究專題（一） 3; GLB4170 Special Topics in Global Studies II 全球研究專題（二） 3 || Communication, writing, and presentation: HSS1004 Advanced Academic Writing 高級學術寫作 3 || Domain-specific professional knowledge: HSS1008 Principles of Economics 經濟學原理 3; GLB3030 Chinese Foreign Policy 中國外交政策 3; GLB3040 Global Governance and International Law 全球治理與國際法 3; GLB4020 International Public Policy Analysis 國際公共政策分析 3; GLB4030 Capstone Course I 全球治理專題研究（一） 3","This programme appears to train students primarily in Foundational disciplinary knowledge, Research and methodological ability, Domain-specific professional knowledge.",Based on study scheme requirements and course titles; course descriptions and learning outcomes are not included unless present in the PDF.
Urban Management,城市管理,72,"required courses, major electives, streams/specializations",Foundational disciplinary knowledge; Research and methodological ability; Domain-specific professional knowledge,"Mathematical or quantitative reasoning; Statistical reasoning and empirical analysis; Data, digital, and AI literacy; Communication, writing, and presentation; Language, textual, and cross-cultural competence","Foundational disciplinary knowledge: HSS1006 Introduction to Sociology 社會學導論 3; HSS1008 Principles of Economics 經濟學原理 3; HSS1010 Principles of Political Science 政治學原理 3; HSS1011 Introduction to Social Science; URM2040 Principles and Application of GIS in || Mathematical or quantitative reasoning: URM3210 Quantitative Analysis for Social || Statistical reasoning and empirical analysis: URM2030 Statistical Analysis and Application 統計分析及應用 3 || Data, digital, and AI literacy: URM4020 Urban Data and Informatics 城市數據與分析學 3 || Research and methodological ability: URM3020 Research Methods for Urban Studies 城市學研究方法 3; URM4040 Urban Management Capstone I 城市管理總結科目; URM4050 Urban Management Capstone II 城市管理總結科目 || Communication, writing, and presentation: HSS1004 Advanced Academic Writing 高級學術寫作 3 || Language, textual, and cross-cultural competence: URM3110 Urban History and Culture 城市歷史與文化學 3 || Domain-specific professional knowledge: HSS1008 Principles of Economics 經濟學原理 3; URM2010 Cities, Society and Environment 城市、社會與環境 3; URM2020 Urban Economics 城市經濟學 3; URM3010 Urban Sustainability 城市可持續性 3; URM3020 Research Methods for Urban Studies 城市學研究方法 3","This programme appears to train students primarily in Foundational disciplinary knowledge, Research and methodological ability, Domain-specific professional knowledge.",Based on study scheme requirements and course titles; course descriptions and learning outcomes are not included unless present in the PDF.
Big Data Management and Applications,大数据管理与应用,72,"required courses, major electives, streams/specializations","Foundational disciplinary knowledge; Mathematical or quantitative reasoning; Statistical reasoning and empirical analysis; Data, digital, and AI literacy; Research and methodological ability; Domain-specific professional knowledge",Programming and computing ability; Practical application and industry readiness,"Foundational disciplinary knowledge: MGT2020 Principles of Management 管理原理 3; BMA3011 Introduction to System Analysis and; BMA3301 Introduction to Business Intelligence; BMA4001 Introduction to Deep Learning for; 学生可根据其 CGPA 选择 BMA4270 大數據管理论文 / BMA4280 大數據管理论文方向（二） || Mathematical or quantitative reasoning: STA2001* Probability and Statistics I 概率及統計（一） 3; BMA2020 Mathematical Modeling and; MAT1001* Calculus I 微積分（一） 3; MAT1011* Honours Calculus I 微積分榮譽課程（一） 3; MAT2040 Linear Algebra 線性代數 3 || Statistical reasoning and empirical analysis: STA2001* Probability and Statistics I 概率及統計（一） 3; BMA3002 Statistical Learning for Business 商業統計學習 3; STA2002 Probability and Statistics II 概率及統計（二） 3 || Programming and computing ability: BMA2010 Programming for Business 商業編程 3 || Data, digital, and AI literacy: BMA3001 Data Analytics for Business 商業數據分析 3; ACT4311 Data Mining for Accounting Analytics 會計分析中的數據挖掘 3; ACT4321 Accounting Database and Data; BMA4001 Introduction to Deep Learning for; BMA4020 Pricing Analytics 定價分析 3 || Research and methodological ability: BMA4270* Thesis in Big Data Management 大數據管理論文 3; BMA4280* Thesis in Big Data Management II 大數據管理論文（二） 3; BMA4312* Directed Research in Big Data; BMA4313* Directed Research in Big Data; MGT4188 Internship / Practicum / Research 實習/研究 3 || Domain-specific professional knowledge: ACT2111 Introductory Financial Accounting 財務會計導論 3; ACT4253 Business Ethics and Corporate Social; DMS2030 Operations Management 運營管理 3; ECO2011 Introductory Microeconomics 微觀經濟學導論 3; FIN2010 Financial Management 財務管理 3 || Practical application and industry readiness: DMS3002 Applied Probability and Stochastic; MGT4188 Internship / Practicum / Research 實習/研究 3","This programme appears to train students primarily in Foundational disciplinary knowledge, Mathematical or quantitative reasoning, Statistical reasoning and empirical analysis, Data, digital, and AI literacy.",Based on study scheme requirements and course titles; course descriptions and learning outcomes are not included unless present in the PDF.
Marketing and Communication,市场营销,63,"required courses, major electives, streams/specializations","Foundational disciplinary knowledge; Mathematical or quantitative reasoning; Statistical reasoning and empirical analysis; Data, digital, and AI literacy; Research and methodological ability; Domain-specific professional knowledge; Practical application and industry readiness","Programming and computing ability; Communication, writing, and presentation","Foundational disciplinary knowledge: MGT2020 Principles of Management 管理原理 3; BMA4001 Introduction to Deep Lea rning for; CSC1001 Introduction to Computer Science:; ECO3160 Game Theory and Business Strategy 博弈論與商業戰略 3; MKT4930 Advanced Theory and Issues in Outdoor || Mathematical or quantitative reasoning: STA2001 Probability and Statistics I 概率及統計（一） 3; MKT3060 Quantitative Marketing Methods in the; BMA2020 Mathematical Modeling and; ECO3211 Quantitative Methods for Policy; MKT3060 Quantitative Marketing Methods in the AI || Statistical reasoning and empirical analysis: ECO2121 Introductory Statistics 統計學導論 3; STA2001 Probability and Statistics I 概率及統計（一） 3; BMA3002 Statistical Learning for Business 商業統計學習 3; ECO3121 Introductory Econometrics 計量經濟學導論 3; STA2002 Probability and Statistics II 概率及統計（二） 3 || Programming and computing ability: BMA2010 Programming for Business 商業編程 3 || Data, digital, and AI literacy: MKT3310 Marketing Analytics 數據驅動的營銷分析 3; MKT4180 Artificial Intelligence Applications in; MKT4220 Big Data Marketing 大數據營銷 3; MKT3320 Digital Consumer Analytics 数字消费者洞察 3; STA4030 Categorical Data Analysis 範疇性數據分析 3 || Research and methodological ability: MKT4120 Marketing Research 市場研究 3; MKT3060 Quantitative Marketing Methods in the; CSC1002 Computational Laboratory 計算機實驗 1; ECO3211 Quantitative Methods for Policy; MGT4188 Internship / Practicum / Research 實習/研究 3 || Communication, writing, and presentation: MKT3030 Integrated Marketing Communication 整合營銷傳播 3; Research in Marketing and Communication I / MKT4313 Directed Research in Marketing and || Domain-specific professional knowledge: ACT2111 Introductory Financial Accounting 財務會計導論 3; ACT4253 Business Ethics and Corporate Social; DMS2030 Operations Management 運營管理 3; ECO2011 Introductory Microeconomics 微觀經濟學導論 3; FIN2010 Financial Management 財務管理 3","This programme appears to train students primarily in Foundational disciplinary knowledge, Mathematical or quantitative reasoning, Statistical reasoning and empirical analysis, Data, digital, and AI literacy.",Based on study scheme requirements and course titles; course descriptions and learning outcomes are not included unless present in the PDF.
Applied Psychology,应用心理学,72,"required courses, major electives, streams/specializations","Foundational disciplinary knowledge; Research and methodological ability; Communication, writing, and presentation","Mathematical or quantitative reasoning; Language, textual, and cross-cultural competence; Domain-specific professional knowledge","Foundational disciplinary knowledge: HSS1006 Introduction to Sociology 社會學導論 3; HSS1008 Principles of Economics 經濟學原理 3; HSS1010 Principles of Political Science 政治學原理 3; HSS1011 Introduction to Social Science; PSY1010 Introduction to Psychology 心理學導論 3 || Mathematical or quantitative reasoning: PSY1020 Quantitative Methods (I) and; PSY2010 Quantitative Methods (II) 定量研究方法論 (II) 3 || Research and methodological ability: PSY1020 Quantitative Methods (I) and; PSY2010 Quantitative Methods (II) 定量研究方法論 (II) 3; PSY4020 Research Method and Writing I 研究方法與構寫研究報告 (I) 3; PSY4030 Research Method and Writing II 研究方法與構寫研究報告 (II) 3 || Communication, writing, and presentation: HSS1004 Advanced Academic Writing 高級學術寫作 3; PSY4020 Research Method and Writing I 研究方法與構寫研究報告 (I) 3; PSY4030 Research Method and Writing II 研究方法與構寫研究報告 (II) 3 || Language, textual, and cross-cultural competence: PSY3140 Cross-Cultural Psychology 跨文化心理學 3 || Domain-specific professional knowledge: HSS1008 Principles of Economics 經濟學原理 3; PSY4160 Clinical and Counselling Psychology 臨床與諮詢心理學 3","This programme appears to train students primarily in Foundational disciplinary knowledge, Research and methodological ability, Communication, writing, and presentation.",Based on study scheme requirements and course titles; course descriptions and learning outcomes are not included unless present in the PDF.
Mathematics and Applied Mathematics,数学与应用数学,70,"required courses, major electives, streams/specializations","Mathematical or quantitative reasoning; Programming and computing ability; Data, digital, and AI literacy; Research and methodological ability; Domain-specific professional knowledge",Foundational disciplinary knowledge; Statistical reasoning and empirical analysis,"Foundational disciplinary knowledge: CSC1003 Introduction to Computer; DDA4250 Mathematical Introduction to Deep || Mathematical or quantitative reasoning: CSC3001 Discrete Mathematics 離散數學 3; RMS4050 Stochastic Calculus for Finance and; DDA4250 Mathematical Introduction to Deep || Statistical reasoning and empirical analysis: ECO3121 Introductory Econometrics 計量經濟學導論 3; PHY4260 Statistical Mechanics 統計力學 3 || Programming and computing ability: CSC3100 Data Structures 數據結構 3; CSC3002 C/C++ Programming C/C++程序設計 3; AIE3002 AI and Quantum Computing 人工智能與量子計算 3 || Data, digital, and AI literacy: CSC1006 Artificial Intelligence for; AIE4001 Machine Learning and; CSC3100 Data Structures 數據結構 3; DDA3020 Machine Learning 機器學習 3; FMA4200 Financial Data Analysis 金融數據分析 3 || Research and methodological ability: CSC1002 Computational Laboratory 計算機實驗 1; CSC1004 Computational Laboratory; RMS4001 Simulation Methods for Risk || Domain-specific professional knowledge: Option H# CHM1001 General Chemistry 普通化學 3; Option I# CHM1011 Honours General Chemistry 普通化學榮譽課程 3; BIO1001 General Biology 普通生物學 3; FMA4800 Financial Computation 金融計算 3; BIM3001 Bioinformatics 生物信息學 3","This programme appears to train students primarily in Mathematical or quantitative reasoning, Programming and computing ability, Data, digital, and AI literacy, Research and methodological ability.",Based on study scheme requirements and course titles; course descriptions and learning outcomes are not included unless present in the PDF.
Data Science and Big Data Technology,数据科学与大数据技术,70,"required courses, major electives, streams/specializations","Foundational disciplinary knowledge; Mathematical or quantitative reasoning; Statistical reasoning and empirical analysis; Programming and computing ability; Data, digital, and AI literacy; Research and methodological ability; Domain-specific professional knowledge",,"Foundational disciplinary knowledge: CSC1001 Introduction to Computer Science:; DDA2001 Introduction to Data Science 數據科學基礎 3; DDA4250 Mathematical Introduction to Deep; ECO3160 Game Theory and Business Strategy 博弈論與商業戰略 3; MGT2020 Principles of Management 管理學原理 3 || Mathematical or quantitative reasoning: MAT1001 Calculus I 微積分（一） 3; MAT1002 Calculus II 微積分（二） 3; MAT1011 Honours Calculus I 微積分榮譽課程（一） 3; MAT1012 Honours Calculus II 微積分榮譽課程（二） 3; MAT2041 Linear Algebra and Applications 線性代數與應用 3 || Statistical reasoning and empirical analysis: STA2001 Probability and Statistics I 概率及統計（一） 3; STA2002 Probability and Statistics II 概率及統計（二） 3; DDA4010 Bayesian Statistics 貝葉斯統計 3; STA3005 Statistical Computing 統計計算 3; STA3020 Statistical Inference 統計推斷 3 || Programming and computing ability: CSC3100 Data Structures 數據結構 3; STA3005 Statistical Computing 統計計算 3; CSC2003 Introduction to Java Programming Java 程序設計導論 3; CSC3002 C/C++ Programming C/C++程序設計 3; CSC4001 Software Engineering 軟件工程 3 || Data, digital, and AI literacy: DDA2001 Introduction to Data Science 數據科學基礎 3; CSC3100 Data Structures 數據結構 3; DDA3020 Machine Learning 機器學習 3; DDA3003 Visual Analytics 可視化分析 3; DDA4210 Advanced Machine Learning 高等機器學習 3 || Research and methodological ability: CSC1002 Computational Laboratory 計算機實驗 1; DDA3005 Numerical Methods 數值方法 3; DDA4080 Capstone Project 畢業設計 3; ECO3211 Quantitative Methods for Policy || Domain-specific professional knowledge: BIO1008 Chemistry and Life Sciences 化學與生命科學 3; ECO3160 Game Theory and Business Strategy 博弈論與商業戰略 3; ECO3211 Quantitative Methods for Policy; FMA4200 Financial Data Analysis 金融數據分析 3; FMA4800 Financial Computation 金融計算 3","This programme appears to train students primarily in Foundational disciplinary knowledge, Mathematical or quantitative reasoning, Statistical reasoning and empirical analysis, Programming and computing ability.",Based on study scheme requirements and course titles; course descriptions and learning outcomes are not included unless present in the PDF.
New Energy Science and Engineering,新能源科学与工程,72,"required courses, major electives, streams/specializations","Foundational disciplinary knowledge; Data, digital, and AI literacy; Research and methodological ability; Domain-specific professional knowledge",Mathematical or quantitative reasoning; Statistical reasoning and empirical analysis,"Foundational disciplinary knowledge: Option C# CSC1001 Introduction to Computer Science:; CSC1003 Introduction to Computer Science; CHM3520 Introduction to Materials Science and; CHM3540 Introduction to Functional Materials 功能材料導論 3; ECE2001 Basic Circuit Theory 基本電路理論 3 || Mathematical or quantitative reasoning: Option F# STA2001 Probability and Statistics I 概率及統計（一） 3 || Statistical reasoning and empirical analysis: Option F# STA2001 Probability and Statistics I 概率及統計（一） 3; PHY3260 Statistical Physics Foundation for AI 人工智能統計物理基礎 3 || Data, digital, and AI literacy: CSC1006 Artificial Intelligence for Science; CHM4342 AI for Chemistry 化學中的人工智能 3; MSE3001 Computational Materials Science with AI 計算材料科學與人工智能 3; PHY3260 Statistical Physics Foundation for AI 人工智能統計物理基礎 3 || Research and methodological ability: CSC1002 Computational Laboratory 計算機實驗 1; CSC1004 Computational Laboratory Using; ENE3002* Basic Laboratory of New Energy Science; ERG4901 Capstone Project Ⅰ 畢業設計（一） 3; CHM1002 Chemistry Laboratory 化學實驗 1 || Domain-specific professional knowledge: Option H# CHM1001 General Chemistry 普通化學 3; Option I# CHM1011 Honours General Chemistry 普通化學榮譽課程 3; CHM2002 Physical Chemistry 物理化學 3; CHM3520 Introduction to Materials Science and; ENE3002* Basic Laboratory of New Energy Science","This programme appears to train students primarily in Foundational disciplinary knowledge, Data, digital, and AI literacy, Research and methodological ability, Domain-specific professional knowledge.",Based on study scheme requirements and course titles; course descriptions and learning outcomes are not included unless present in the PDF.
Materials Science and Engineering,材料科学与工程,72,"required courses, major electives, streams/specializations",Foundational disciplinary knowledge; Research and methodological ability; Domain-specific professional knowledge,"Mathematical or quantitative reasoning; Statistical reasoning and empirical analysis; Programming and computing ability; Data, digital, and AI literacy","Foundational disciplinary knowledge: Option C# CSC1001 Introduction to Computer Science:; CSC1003 Introduction to Computer Science; CHM3520 Introduction to Materials Science and; MSE2001 Chemistry Foundation for Materials 材料的化學基礎 3; MSE2002 Physics Foundation for Materials 材料的物理基礎 3 || Mathematical or quantitative reasoning: Option F# STA2001 Probability and Statistics I 概率及統計（一） 3 || Statistical reasoning and empirical analysis: Option F# STA2001 Probability and Statistics I 概率及統計（一） 3 || Programming and computing ability: CSC3100 Data Structures 數據結構 3 || Data, digital, and AI literacy: CSC1006 Artificial Intelligence for Science; CSC3100 Data Structures 數據結構 3 || Research and methodological ability: CSC1002 Computational Laboratory 計算機實驗 1; CSC1004 Computational Laboratory Using; MSE2003 Materials Laboratory I 材料實驗 I 2; MSE3003 Materials Laboratory II 材料實驗 II 1; MSE4020 Thesis 畢業設計 3 || Domain-specific professional knowledge: Option H# CHM1001 General Chemistry 普通化學 3; Option I# CHM1011 Honours General Chemistry 普通化學榮譽課程 3; CHM3520 Introduction to Materials Science and; MSE2001 Chemistry Foundation for Materials 材料的化學基礎 3; MSE2002 Physics Foundation for Materials 材料的物理基礎 3","This programme appears to train students primarily in Foundational disciplinary knowledge, Research and methodological ability, Domain-specific professional knowledge.",Based on study scheme requirements and course titles; course descriptions and learning outcomes are not included unless present in the PDF.
X (CUHK(SZ)) & Materials Science and Engineering (CUHK),材料科学与工程及X双主修课程_ X及材料科学与工程学双主修课程,90,"required courses, major electives, streams/specializations",Research and methodological ability; Domain-specific professional knowledge,,"Research and methodological ability: (excluding CHM1001/1011 and PHY1010), Research Component , and Major Elective; Research Component: CHM4510,; Research Component: ERG4902; Research Component: PHY4270 || Domain-specific professional knowledge: 4. For Chemistry as 1 st Major, all Major Required (excluding MAT1002 and PHY1010) ,; 5. For New Energy and Engineering as 1st Major, all Major Required (excluding CHM1002),; 6. For Physics as 1st Major, Faculty Package (MAT1001 and PHY1001), all Major Required; 6. 以物理學為第一主修，其學院課程(MAT1001 及 PHY1001)，所有列於第一主修課程","This programme appears to train students primarily in Research and methodological ability, Domain-specific professional knowledge.",Based on study scheme requirements and course titles; course descriptions and learning outcomes are not included unless present in the PDF.
Physics,物理学,72,"required courses, major electives, streams/specializations","Foundational disciplinary knowledge; Mathematical or quantitative reasoning; Statistical reasoning and empirical analysis; Data, digital, and AI literacy; Research and methodological ability; Domain-specific professional knowledge",Programming and computing ability,"Foundational disciplinary knowledge: CSC1003 Introduction to Computer; PHY1010 Principles of Physics II; PHY2020 Principles of Physics III; PHY3310 Electromagnetic Theory I 電磁學（一） 3; PHY3260 Statistical Physics Foundation for AI 人工智能統計物理基礎 3 || Mathematical or quantitative reasoning: Option E# STA2001 Probability and Statistics I 概率及統計（一） 3; PHY2610 Mathematical Methods in Physics I 數學物理方法（一） 3; PHY3610 Mathematical Methods in Physics II 數學物理方法（二） 3; PHY4610 Advanced Mathematical Methods in Physics 高等數學物理方法 3 || Statistical reasoning and empirical analysis: Option E# STA2001 Probability and Statistics I 概率及統計（一） 3; PHY4510 Statistical Mechanics and its; PHY3260 Statistical Physics Foundation for AI 人工智能統計物理基礎 3; PHY4510 Statistical Mechanics and its Applications 統計物理及應用 3; PHY3210 Experimental Physics Project Experience I 實驗物理課題（一） 1 || Programming and computing ability: CSC3002 C/C++ Programming C/C++程序設計 3; CSC3100 Data Structures 數據結構 3 || Data, digital, and AI literacy: CSC1006 Artificial Intelligence for; PHY2650 Computational Physics and AI Tools 計算物理與人工智能工; PHY3260 Statistical Physics Foundation for AI 人工智能統計物理基礎 3; CSC3100 Data Structures 數據結構 3 || Research and methodological ability: CSC1002 Computational Laboratory 計算機實驗 1; CSC1004 Computational Laboratory; PHY1910 Physics Laboratory I 普通物理實驗（一） 2; PHY1920 Physics Laboratory II 普通物理實驗（二） 2; PHY2610 Mathematical Methods in Physics I 數學物理方法（一） 3 || Domain-specific professional knowledge: Option L# CHM1001 General Chemistry 普通化學 3; Option M# CHM1011 Honours General Chemistry 普通化學榮譽課程 3; PHY1010 Principles of Physics II; PHY1910 Physics Laboratory I 普通物理實驗（一） 2; PHY1920 Physics Laboratory II 普通物理實驗（二） 2","This programme appears to train students primarily in Foundational disciplinary knowledge, Mathematical or quantitative reasoning, Statistical reasoning and empirical analysis, Data, digital, and AI literacy.",Based on study scheme requirements and course titles; course descriptions and learning outcomes are not included unless present in the PDF.
Bioinformatics,生物信息学,72,"required courses, major electives, streams/specializations","Mathematical or quantitative reasoning; Statistical reasoning and empirical analysis; Programming and computing ability; Data, digital, and AI literacy; Research and methodological ability; Domain-specific professional knowledge; Practical application and industry readiness",Foundational disciplinary knowledge,"Foundational disciplinary knowledge: CSC1001 Introduction to Computer Science:; * The course title of CSC3002 is Introduction to Computer Science: Programming Paradigms for || Mathematical or quantitative reasoning: MAT1001 Calculus I 微積分（一） 3; MAT1002 Calculus II 微積分（二） 3; MAT2040 Linear Algebra 線性代數 3; STA2001 Probability and Statistics I 概率及統計（一） 3; STA2002 Probability and Statistics II 概率及統計（二） 3 || Statistical reasoning and empirical analysis: STA2001 Probability and Statistics I 概率及統計（一） 3; BIM3014 Statistical Biological Database and Data; STA2002 Probability and Statistics II 概率及統計（二） 3; STA4012 Statistical Genetics and Genomics 統計遺傳和基因組學 3 || Programming and computing ability: CSC3002* C/C++ Programming C/C++程序設計 3; * The course title of CSC3002 is Introduction to Computer Science: Programming Paradigms for; 在 2022-23 學年第二学期及以後修讀 CSC3002，科目名稱為「C/C++程序設計」。 || Data, digital, and AI literacy: BIM3008 Machine Learning in Computational Biology 計算生物學中的機器學習 3; BIM3014 Statistical Biological Database and Data; CSC4008 Techniques for Data Mining 數據挖掘技術 3; DDA4210 Advanced Machine Learning 高等機器學習 3; DDA4220 Deep Learning and Applications 深度學習與應用 3 || Research and methodological ability: [b] 在選擇 BSC6003 時，學生需遵守學校關於本科生修讀研究生科目的相關規定。; CSC1002 Computational Laboratory 計算機實驗 1; BIO2101 Comprehensive Biology Laboratory 綜合生物學實驗 3; BIM3019 Computational Biology Laboratory 計算生物學實驗 2; BIM4003 Student Research and Innovation 學生科技創新項目 3 || Domain-specific professional knowledge: BIO1001 General Biology 普通生物學 3; CHM1001 General Chemistry 普通化學 3; BIM2005 Computational Biology 計算生物學 3; BIM3001 Bioinformatics 生物信息學 3; BIM3008 Machine Learning in Computational Biology 計算生物學中的機器學習 3 || Practical application and industry readiness: BIO3901 Research Internship I 研究實習（一） 1; BIO3902 Research Internship II 研究實習（二） 1; BIO3903 Research Internship III 研究實習（三） 1; BIO3904 Research Internship IV 研究實習（四） 1","This programme appears to train students primarily in Mathematical or quantitative reasoning, Statistical reasoning and empirical analysis, Programming and computing ability, Data, digital, and AI literacy.",Based on study scheme requirements and course titles; course descriptions and learning outcomes are not included unless present in the PDF.
Biomedical Science and Engineering,生物医学工程,72,"required courses, major electives, streams/specializations",Foundational disciplinary knowledge; Mathematical or quantitative reasoning; Research and methodological ability; Domain-specific professional knowledge; Practical application and industry readiness,"Statistical reasoning and empirical analysis; Programming and computing ability; Data, digital, and AI literacy; Language, textual, and cross-cultural competence","Foundational disciplinary knowledge: CSC1001 Introduction to Computer Science:; BME3001 Introduction to Biomedical; ECE2001* Basic Circuit Theory 基本電路理論 3; BME3003 Introduction to Biomedical; ERG4001 Principles of Entrepreneurship 創業原則 3 || Mathematical or quantitative reasoning: MAT1001 Calculus I 微積分（一） 3; MAT2040* Linear Algebra 線性代數 3; STA2001 Probability and Statistics I 概率及統計（一） 3 || Statistical reasoning and empirical analysis: STA2001 Probability and Statistics I 概率及統計（一） 3 || Programming and computing ability: CSC4001 Software Engineering 軟件工程 3 || Data, digital, and AI literacy: BIM3008 Machine Learning in Computational || Research and methodological ability: CSC1002 Computational Laboratory 計算機實驗 1; BIO2101 Comprehensive Biology Laboratory 綜合生物學實驗 3; BME4012 BME Final Year Project I 生物醫學工程畢業設計（一） 3; BME4013 BME Final Year Project II 生物醫學工程畢業設計（二） 3; CHM1002 Chemistry Laboratory 化學實驗 1 || Language, textual, and cross-cultural competence: BME4015 Medical Device Translational Design || Domain-specific professional knowledge: BIO1001 General Biology 普通生物學 3; CHM1001 General Chemistry 普通化學 3; BIO2002 Cell and Molecular Biology 細胞與分子生物學 3; BIO2101 Comprehensive Biology Laboratory 綜合生物學實驗 3; BME3001 Introduction to Biomedical","This programme appears to train students primarily in Foundational disciplinary knowledge, Mathematical or quantitative reasoning, Research and methodological ability, Domain-specific professional knowledge.",Based on study scheme requirements and course titles; course descriptions and learning outcomes are not included unless present in the PDF.
Biological Sciences,生物科学,72,"required courses, major electives, streams/specializations",Mathematical or quantitative reasoning; Statistical reasoning and empirical analysis; Research and methodological ability; Domain-specific professional knowledge; Practical application and industry readiness,Foundational disciplinary knowledge,Foundational disciplinary knowledge: CSC1001 Introduction to Computer Science:; PHM2004 Principles of Pharmacology and || Mathematical or quantitative reasoning: MAT1001 Calculus I 微積分（一） 3; MAT2040 Linear Algebra 線性代數 3; STA2001 Probability and Statistics I 概率與統計（一） 3; MAT1002 Calculus II 微積分（二） 3 || Statistical reasoning and empirical analysis: STA2001 Probability and Statistics I 概率與統計（一） 3; BIO3201 Biostatistics 生物統計學 3; BIO3301 Biostatistics Laboratory 生物統計學實驗 1 || Research and methodological ability: CSC1002 Computational Laboratory 計算機實驗 1; BIO2101 Comprehensive Biology Laboratory 綜合生物學實驗 3; BIO2104 Biochemistry Laboratory 生物化學實驗 3; BIO4901 Final Year Research Project I 畢業設計項目（一） 3; BIO4902 Final Year Research Project II 畢業設計項目（二） 3 || Domain-specific professional knowledge: BIO1001 General Biology 普通生物學 3; CHM1001 General Chemistry 普通化學 3; BIO2001 Bioethics 生物倫理學 1; BIO2002 Cell and Molecular Biology 細胞與分子生物學 3; BIO2004 Biochemistry 生物化學 3 || Practical application and industry readiness: BIO2205 Field Study of Ecology 野外生態實習 2; BIO3901 Research Internship I 研究實習（一） 1; BIO3902 Research Internship II 研究實習（二） 1; BIO3903 Research Internship III 研究實習（三） 1; BIO3904 Research Internship IV 研究實習（四） 1,"This programme appears to train students primarily in Mathematical or quantitative reasoning, Statistical reasoning and empirical analysis, Research and methodological ability, Domain-specific professional knowledge.",Based on study scheme requirements and course titles; course descriptions and learning outcomes are not included unless present in the PDF.
Electrical and Computer Engineering,电子与计算机工程,72,"required courses, major electives, streams/specializations","Foundational disciplinary knowledge; Data, digital, and AI literacy; Research and methodological ability; Domain-specific professional knowledge","Mathematical or quantitative reasoning; Statistical reasoning and empirical analysis; Programming and computing ability; Communication, writing, and presentation","Foundational disciplinary knowledge: CSC1003 Introduction to Computer Science; ECE2001 Basic Circuit Theory 基本電路理論 3; ECE3080 Introduction to Embedded Systems 嵌入式系統概論 3 || Mathematical or quantitative reasoning: Option F# STA2001 Probability and Statistics I 概率及統計（一） 3 || Statistical reasoning and empirical analysis: Option F# STA2001 Probability and Statistics I 概率及統計（一） 3 || Programming and computing ability: CSC3100 Data Structures 數據結構 3; CSC3002 C/C++ Programming C/C++程序設計 3 || Data, digital, and AI literacy: 人工智能组: CSC3180, DDA3020, ECE3300, 4320; 人工智能组: CSC3180, 4008, DDA3020; CSC1006 Artificial Intelligence for Science; CSC3100 Data Structures 數據結構 3 || Research and methodological ability: Interdisciplinary Extension and Research Group : BIM3001,; Interdisciplinary Extension and Research Group: BIM3001,; 跨學科擴展 组和研究组 :BIM3001, B IO1001, ECO2011,; 跨學科擴展和研究组: BIM3001, BIO1001, ECO2011, ERG4902; CSC1002 Computational Laboratory 計算機實驗 1 || Communication, writing, and presentation: Communications Group: ECE3050, 4002, 4003; Communications Group: ECE3050, 4002, 4003, 4020 || Domain-specific professional knowledge: 數學與物理基礎组: MA T3007, 4006, 4007, PHY2001, 4002, 4003; Option J# CHM1001 General Chemistry 普通化學 3; Option K# CHM1011 Honours General Chemistry 普通化學榮譽課程 3","This programme appears to train students primarily in Foundational disciplinary knowledge, Data, digital, and AI literacy, Research and methodological ability, Domain-specific professional knowledge.",Based on study scheme requirements and course titles; course descriptions and learning outcomes are not included unless present in the PDF.
Electronic Information Engineering,电子信息工程,72,"required courses, major electives, streams/specializations","Foundational disciplinary knowledge; Programming and computing ability; Data, digital, and AI literacy; Research and methodological ability; Communication, writing, and presentation; Domain-specific professional knowledge; Practical application and industry readiness",Mathematical or quantitative reasoning; Statistical reasoning and empirical analysis,"Foundational disciplinary knowledge: CSC1001 Introduction to Computer Science:; EIE2001 Basic Circuit Theory 基本電路理論 3; EIE3050 Principles of Communication Systems 通信系統原理 3; EIE3080* Introduction to Embedded Systems 嵌入式系統概論 3; CSC3180 Fundamentals of Artificial Intelligence 人工智能之基本原理 3 || Mathematical or quantitative reasoning: STA2001 Probability and Statistics I 概率及統計（一） 3; CSC3001 Discrete Mathematics 離散數學 3 || Statistical reasoning and empirical analysis: STA2001 Probability and Statistics I 概率及統計（一） 3 || Programming and computing ability: CSC3002* C/C++ Programming C/C++程序設計 3; CSC3100 Data Structures 數據結構 3; CSC4001 Software Engineering 軟件工程 3; CSC4005* Parallel Programming 並行程序設計 3; CSC4120 Design and Analysis of Algorithms 算法設計及分析 3 || Data, digital, and AI literacy: CSC3100 Data Structures 數據結構 3; CSC3170 Database System 數據庫系統 3; CSC3180 Fundamentals of Artificial Intelligence 人工智能之基本原理 3; CSC4008 Techniques for Data Mining 數據挖掘技術 3; DDA3020* Machine Learning 機器學習 3 || Research and methodological ability: CSC1002 Computational Laboratory 計算機實驗 1; EIE1810 Electronic Circuit Design Laboratory 電子線路設計實驗 1; EIE2810 Digital Systems Design Laboratory 數字系統設計實驗 1; EIE3810* Embedded Systems Laboratory 嵌入式系統實驗 1; ERG4901* Capstone Project Ⅰ 畢業設計（一） 3 || Communication, writing, and presentation: EIE3050 Principles of Communication Systems 通信系統原理 3; EIE4002 Digital Communications 數字通信 3; EIE4003 Wireless Communication Systems 無線通信系統 3; EIE4004 Introduction to Optical Communications 初級光通信學 3; EIE4020 Telecommunication Switching and || Domain-specific professional knowledge: BIO1001 General Biology 普通生物學 3; CHM1001 General Chemistry 普通化學 3; PHY1002 Physics Laboratory 物理實驗 2; BIM3001 Bioinformatics 生物信息學 3; CSC4001 Software Engineering 軟件工程 3","This programme appears to train students primarily in Foundational disciplinary knowledge, Programming and computing ability, Data, digital, and AI literacy, Research and methodological ability.",Based on study scheme requirements and course titles; course descriptions and learning outcomes are not included unless present in the PDF.
Economics,经济学,69,"required courses, major electives, streams/specializations","Foundational disciplinary knowledge; Mathematical or quantitative reasoning; Data, digital, and AI literacy; Research and methodological ability; Domain-specific professional knowledge",Statistical reasoning and empirical analysis; Programming and computing ability; Practical application and industry readiness,"Foundational disciplinary knowledge: MGT2020 Principles of Management 管理原理 3; ECO3150 Digital Economics: Theory and; ECO3160 Game Theory and Business Strategy 博弈論與商業戰略 3 || Mathematical or quantitative reasoning: MAT1001 Calculus I 微積分（一） 3; DMS3002 Applied Probability and Stochastic; ECO3211 Quantitative Methods for Policy || Statistical reasoning and empirical analysis: ECO3121 Introductory Econometrics 計量經濟學導論 3; ECO4121 Intermediate Econometrics 中級計量經濟學 3 || Programming and computing ability: BMA2010 Programming for Business 商業編程 3 || Data, digital, and AI literacy: ECO3080 Machine Learning for Business 商業運用中的機器學習 3; ECO3090 Machine Learning for Financial; DMS3003 Data Analytics and Decision Making 數據分析和決策制定 3; ECO3620 Data Analysis and Macroeconomic || Research and methodological ability: ECO3211 Quantitative Methods for Policy; ECO4270* Thesis in Economics 經濟學论文 3; ECO4280* Thesis in Economics II 經濟學论文 II 3; ECO4312* Directed Research in Economics I 經濟學定向研究 I 3; ECO4313* Directed Research in Economics II 經濟學定向研究 II 2 || Domain-specific professional knowledge: ACT2111 Introductory Financial Accounting 財務會計導論 3; ACT4253 Business Ethics and Corporate Social; DMS2030 Operations Management 運營管理 3; ECO2011 Introductory Microeconomics 微觀經濟學導論 3; FIN2010 Financial Management 財務管理 3 || Practical application and industry readiness: DMS3002 Applied Probability and Stochastic","This programme appears to train students primarily in Foundational disciplinary knowledge, Mathematical or quantitative reasoning, Data, digital, and AI literacy, Research and methodological ability.",Based on study scheme requirements and course titles; course descriptions and learning outcomes are not included unless present in the PDF.
Statistics,统计学,70,"required courses, major electives, streams/specializations","Foundational disciplinary knowledge; Mathematical or quantitative reasoning; Statistical reasoning and empirical analysis; Programming and computing ability; Data, digital, and AI literacy; Research and methodological ability; Domain-specific professional knowledge",Practical application and industry readiness,"Foundational disciplinary knowledge: CSC1001 Introduction to Computer Science:; DDA2001 Introduction to Data Science 數據科學基礎 3; MAT3280 Probability Theory 概率論 3; DDA4250 Mathematical Introduction to Deep; FIN2020 Foundation of Finance 金融學基礎 3 || Mathematical or quantitative reasoning: MAT1001 Calculus I 微積分（一） 3; MAT1002 Calculus II 微積分（二） 3; MAT1011 Honours Calculus I 微積分榮譽課程（一） 3; MAT1012 Honours Calculus II 微積分榮譽課程（二） 3; MAT2041 Linear Algebra and Applications 線性代數與應用 3 || Statistical reasoning and empirical analysis: STA3005 Statistical Computing 統計計算 3; STA3020 Statistical Inference 統計推斷 3; STA3042 Statistical Learning 統計學習 3; STA4100 Statistical Inference II 統計推斷（二） 3; DDA4010 Bayesian Statistics 貝葉斯統計 3 || Programming and computing ability: STA3005 Statistical Computing 統計計算 3; CSC3002 C/C++ Programming C/C++程序設計 3; CSC3100 Data Structures 數據結構 3; CSC4120 Design and Analysis of Algorithms 算法設計及分析 3 || Data, digital, and AI literacy: DDA2001 Introduction to Data Science 數據科學基礎 3; STA4030 Categorical Data Analysis 範疇性數據分析 3; STA4606 Machine Learning for Biomedical; FIN3380* Financial Data Analysis with AI; FMA4200 Financial Data Analysis 金融數據分析 3 || Research and methodological ability: CSC1002 Computational Laboratory 計算機實驗 1; DDA3005 Numerical Methods 數值方法 3; DDA4080 Capstone Project 畢業設計 3; STA3006 Design and Analysis of Experiments 實驗設計與分析 3; ECO3211 Quantitative Methods for Policy || Domain-specific professional knowledge: BIO1008 Chemistry and Life Sciences 化學與生命科學 3; BIM2005 Computational Biology 計算生物學 3; BIM3001 Bioinformatics 生物信息學 3; STA4606 Machine Learning for Biomedical; ECO3211 Quantitative Methods for Policy || Practical application and industry readiness: FIN3210 Fintech Theory and Practice 金融科技理論與實踐 3","This programme appears to train students primarily in Foundational disciplinary knowledge, Mathematical or quantitative reasoning, Statistical reasoning and empirical analysis, Programming and computing ability.",Based on study scheme requirements and course titles; course descriptions and learning outcomes are not included unless present in the PDF.
Translation,翻译,69,"required courses, major electives, streams/specializations","Foundational disciplinary knowledge; Research and methodological ability; Communication, writing, and presentation; Language, textual, and cross-cultural competence; Domain-specific professional knowledge","Mathematical or quantitative reasoning; Programming and computing ability; Data, digital, and AI literacy","Foundational disciplinary knowledge: HSS1006 Introduction to Sociology 社會學導論 3; HSS1008 Principles of Economics 經濟學原理 3; TRA1010 Principles of Translation 翻譯概論 3; TRA2010 Introduction to Interpreting 傳譯入門 3; TRA3010 Theory of Translation 翻譯理論 3 || Mathematical or quantitative reasoning: HSS1009 Mathematics (Humanities and Social || Programming and computing ability: ENB4308 Computer Programming for Natural || Data, digital, and AI literacy: DDA3020 Machine Learning 機器學習 3; TRA3440 Large Language Models and Language || Research and methodological ability: TRA4030 Capstone Translation Project 長篇翻譯項目 3; TRA2130 Language Studies for Translation 語言研究與翻譯 3; TRA4120 Translation Seminars 翻譯研討 3 || Communication, writing, and presentation: HSS1004* Advanced Academic Writing 高級學術寫作 3; *The course title of HSS1004 was “Analytical Writing” till the 2024-25 academic year. Starting from the 2025-; TRA1020 Communication and Translation 傳意與翻譯 3; TRA2530 Writing Skills and Translation 寫作技巧與翻譯 3; TRA3260 Public Relations Translation 公共關係翻譯 3 || Language, textual, and cross-cultural competence: any new second foreign language courses are added. SFL1001 is the prerequisite course; for SFL1002. Students must stick to the same language if they intend to take SFL1002.; TRA1010 Principles of Translation 翻譯概論 3; TRA1020 Communication and Translation 傳意與翻譯 3; TRA2010 Introduction to Interpreting 傳譯入門 3 || Domain-specific professional knowledge: HSS1008 Principles of Economics 經濟學原理 3; ENB4206 Legal Translation 法律翻譯初階 3; TRA3270 Financial Translation 財經翻譯 3","This programme appears to train students primarily in Foundational disciplinary knowledge, Research and methodological ability, Communication, writing, and presentation, Language, textual, and cross-cultural competence.",Based on study scheme requirements and course titles; course descriptions and learning outcomes are not included unless present in the PDF.
English Studies (for Professional Purposes),英语,72,"required courses, major electives, streams/specializations","Foundational disciplinary knowledge; Research and methodological ability; Communication, writing, and presentation; Language, textual, and cross-cultural competence; Domain-specific professional knowledge",Practical application and industry readiness,"Foundational disciplinary knowledge: HSS1006 Introduction to Sociology 社會學導論 3; HSS1008 Principles of Economics 經濟學原理 3; HSS1010 Principles of Political Science 政治學原理 3; HSS1011 Introduction to Social Science Research 社會科學研究導論 3; TRA1010 Principles of Translation 翻譯概論 3 || Research and methodological ability: HSS1011 Introduction to Social Science Research 社會科學研究導論 3; ENB2005 English Studies for Media Communication 媒體傳播中的英語研究 3; ENB4002 Capstone Project for English Studies 畢業設計 3; ENB4201 Introduction to Western Legal Systems 西方法律制度導論 3 || Communication, writing, and presentation: Legal Communication (Legal): ENB4201, 4202; Media Communication (Media): ENB2003, 2401; Legal Communication (Legal): ENB4205; Media Communication (Media): ENB3005; Legal Communication (Legal): ENB4207 || Language, textual, and cross-cultural competence: Translation and Interpreting (T&I): TRA1010, 3271; Translation and Interpreting (T&I): TRA2020; Translation and Interpreting (T&I): TRA2360; Translation and Interpreting (T&I): TRA3520; ENB2006 Translation and Intercultural || Domain-specific professional knowledge: Legal Communication (Legal): ENB4201, 4202; Legal Communication (Legal): ENB4205; Legal Communication (Legal): ENB4207; Legal Communication (Legal): ENB4208; 法律事務方向：ENB4201, 4202 || Practical application and industry readiness: ENB4205 Cases in English Legal Wo r ld 英語法律案例 3","This programme appears to train students primarily in Foundational disciplinary knowledge, Research and methodological ability, Communication, writing, and presentation, Language, textual, and cross-cultural competence.",Based on study scheme requirements and course titles; course descriptions and learning outcomes are not included unless present in the PDF.
Computer Science and Engineering,计算机科学与技术,70,"required courses, major electives, streams/specializations","Foundational disciplinary knowledge; Mathematical or quantitative reasoning; Statistical reasoning and empirical analysis; Programming and computing ability; Data, digital, and AI literacy; Research and methodological ability; Domain-specific professional knowledge","Language, textual, and cross-cultural competence","Foundational disciplinary knowledge: Option A CSC1001 Introduction to Computer Science:; CSC1003 Introduction to Computer Science; DDA2001 Introduction to Data Science 數據科學基礎 3; CSC3060 Introduction to Computer Systems 計算機系統導論 4; CSC2003 Introduction to Java Programming Java程序設計導論 3 || Mathematical or quantitative reasoning: MAT1001 Calculus I 微積分（一） 3; MAT1002 Calculus II 微積分（二） 3; MAT1011 Honours Calculus I 微積分榮譽課程; MAT1012 Honours Calculus II 微積分榮譽課程; MAT2041 Linear Algebra and Applications 線性代數與應用 3 || Statistical reasoning and empirical analysis: Option C STA2001 Probability and Statistics I 概率及統計（一） 3; ECO3121 Introductory Econometrics 計量經濟學導論 3; STA3005 Statistical Computing 統計計算 3 || Programming and computing ability: CSC3200 Data Structures and Advanced; CSC4120 Design and Analysis of Algorithms 算法設計及分析 3; CSC2003 Introduction to Java Programming Java程序設計導論 3; CSC3002 C/C++ Programming C/C++程序設計 3; CSC3102 Advanced Programming Laboratory 高級程序設計實驗 2 || Data, digital, and AI literacy: DDA2001 Introduction to Data Science 數據科學基礎 3; CSC3200 Data Structures and Advanced; DDA3020 Machine Learning 機器學習 3; CSC3170 Database System 數據庫系統 3; CSC4100 Natural Language Processing 自然語言處理 3 || Research and methodological ability: CSC1002 Computational Laboratory 計算機實驗 1; CSC1004 Computational Laboratory Using; CSC3102 Advanced Programming Laboratory 高級程序設計實驗 2; DDA3005 Numerical Methods 數值方法 3; DDA4080 Capstone Project 畢業設計 3 || Language, textual, and cross-cultural competence: CSC4100 Natural Language Processing 自然語言處理 3 || Domain-specific professional knowledge: BIO1008 Chemistry and Life Sciences 化學與生命科學 3; BIM3001 Bioinformatics 生物信息學 3; CSC4001 Software Engineering 軟件工程 3; ECO3160 Game Theory and Business Strategy 博弈論與商業戰略 3; EIE3280 Networks: Technology, Economics","This programme appears to train students primarily in Foundational disciplinary knowledge, Mathematical or quantitative reasoning, Statistical reasoning and empirical analysis, Programming and computing ability.",Based on study scheme requirements and course titles; course descriptions and learning outcomes are not included unless present in the PDF.
Finance,金融学,69,"required courses, major electives, streams/specializations","Foundational disciplinary knowledge; Mathematical or quantitative reasoning; Statistical reasoning and empirical analysis; Data, digital, and AI literacy; Research and methodological ability; Domain-specific professional knowledge; Practical application and industry readiness",Programming and computing ability,"Foundational disciplinary knowledge: MGT2020 Principles of Management 管理原理 3; FIN3210 Fintech Theory and Practice 金融科技理論與實踐 3; CSC1001 Introduction to Computer Science:; ECO3160 Game Theory and Business Strategy 博弈論與商業戰略 3; FIN2020 Foundation of Finance 金融學基礎 3 || Mathematical or quantitative reasoning: STA2001 Probability and Statistics I 概率及統計（一） 3; STA2002 Probability and Statistics II 概率及統計（二） 3; DMS3002 Applied Probability and Stochastic Process; ECO3211 Quantitative Methods for Policy Evaluation 政策評估的計量方法 3; FIN2210 Probability for Finance 金融概率 3 || Statistical reasoning and empirical analysis: ECO2121 Introductory Statistics 統計學導論 3; STA2001 Probability and Statistics I 概率及統計（一） 3; ECO3121 Introductory Econometrics 計量經濟學導論 3; STA2002 Probability and Statistics II 概率及統計（二） 3; STA3020 Statistical Inference 統計推斷 3 || Programming and computing ability: FIN4560 Market Microstructure and Algorithmic || Data, digital, and AI literacy: FIN3380 Financial Data Analysis with AI Tools 金融數據分析與 AI 工具 3; ECO3090 Machine Learning for Financial Economics 機器學習與金融經濟學 3; FIN3090 AI Applications in Finance 人工智能在金融中的應用 3; DDA3020 Machine Learning 機器學習 3; DMS3003 Data Analytics and Decision Making 數據分析和決策制定 3 || Research and methodological ability: ECO3211 Quantitative Methods for Policy Evaluation 政策評估的計量方法 3; FIN3370 Research Methods in Finance 金融學研究方法 3; FIN4270* Thesis in Finance 金融學論文 3; FIN4280* Thesis in Finance II 金融學論文 II 3; FIN4312* Directed Research in Finance I 金融學定向研究 I 3 || Domain-specific professional knowledge: concentration of “ AI in Finance”: ECO3011, 3021, 3090, FIN3090, 4110, 4120,; ACT2111 Introductory Financial Accounting 財務會計導論 3; ACT4253 Business Ethics and Corporate Social; DMS2030 Operations Management 運營管理 3; ECO2011 Introductory Microeconomics 微觀經濟學導論 3 || Practical application and industry readiness: FIN3210 Fintech Theory and Practice 金融科技理論與實踐 3; DMS3002 Applied Probability and Stochastic Process; MGT4020 Case Study 案例分析 3; MGT4188 Internship / Practicum / Research 實習/研究 3","This programme appears to train students primarily in Foundational disciplinary knowledge, Mathematical or quantitative reasoning, Statistical reasoning and empirical analysis, Data, digital, and AI literacy.",Based on study scheme requirements and course titles; course descriptions and learning outcomes are not included unless present in the PDF.
Financial Engineering,金融工程,70,"required courses, major electives, streams/specializations","Foundational disciplinary knowledge; Mathematical or quantitative reasoning; Statistical reasoning and empirical analysis; Programming and computing ability; Data, digital, and AI literacy; Domain-specific professional knowledge; Practical application and industry readiness",Research and methodological ability,"Foundational disciplinary knowledge: CSC1001 Introduction to Computer Science:; FIN2020 Foundation of Finance 金融學基礎 3; FIN3210 Fintech Theory and Practice 金融科技理論與實踐 3; CSC2003 Introduction to Java Programming Java 程序設計導論 3; CSC3180[2] Fundamentals of Artificial Intelligence 人工智能之基本原理 3 || Mathematical or quantitative reasoning: MAT1001 Calculus I 微積分（一） 3; MAT1011 Honours Calculus I 微積分榮譽課程（一） 3; MAT1002 Calculus II 微積分（二） 3; MAT1012 Honours Calculus II 微積分榮譽課程（二） 3; MAT2040 Linear Algebra 線性代數 3 || Statistical reasoning and empirical analysis: STA2001 Probability and Statistics I 概率及統計（一） 3; ECO3121 Introductory Econometrics 計量經濟學導論 3; STA2002 Probability and Statistics II 概率及統計（二） 3; STA3020 Statistical Inference 統計推斷 3; STA4020 Statistical Modelling in Financial || Programming and computing ability: CSC3100 Data Structures 數據結構 3; CSC2003 Introduction to Java Programming Java 程序設計導論 3; CSC3002 C/C++ Programming C/C++程序設計 3; CSC3100[1] Data Structures 數據結構 3 || Data, digital, and AI literacy: DDA3020 Machine Learning 機器學習 3; CSC3100 Data Structures 數據結構 3; CSC3100[1] Data Structures 數據結構 3; CSC3170[2] Database System 數據庫系統 3; CSC3180[2] Fundamentals of Artificial Intelligence 人工智能之基本原理 3 || Research and methodological ability: CSC1002 Computational Laboratory 計算機實驗 1 || Domain-specific professional knowledge: ACT2111 Introductory Financial Accounting 財務會計導論 3; ECO2011 Basic Microeconomics 微觀經濟學基礎 3; FIN2010 Financial Management 財務管理 3; FIN2020 Foundation of Finance 金融學基礎 3; FIN3210 Fintech Theory and Practice 金融科技理論與實踐 3 || Practical application and industry readiness: FIN3210 Fintech Theory and Practice 金融科技理論與實踐 3; DMS3002[1] Applied Probability and Stochastic; FTE4999 Internship 金融工程實習 3","This programme appears to train students primarily in Foundational disciplinary knowledge, Mathematical or quantitative reasoning, Statistical reasoning and empirical analysis, Programming and computing ability.",Based on study scheme requirements and course titles; course descriptions and learning outcomes are not included unless present in the PDF.
Musicology,音乐学,68,"required courses, major electives, streams/specializations",Foundational disciplinary knowledge; Research and methodological ability; Domain-specific professional knowledge; Practical application and industry readiness,"Statistical reasoning and empirical analysis; Language, textual, and cross-cultural competence","Foundational disciplinary knowledge: MUS2401 Introduction to Ethnomusicology 民族音樂學導論 2; MUS1150 Introduction to Music Literature I 音樂文獻概論 I 2; MUS1151 Introduction to Music Literature II 音樂文獻概論 II 2; MUS2700* Introduction to Music Therapy 音樂治療導論 2; vi). The course title of MUS2501 is Introduction to Musicology for students who study the course || Statistical reasoning and empirical analysis: MUS4112 A Survey of Contemporary Music 當代音樂概論 3 || Research and methodological ability: MUS2500 Research Methods in Music 音樂研究方法 2; MUS4503 Thesis I 論文寫作 I 2; MUS4504 Thesis II 論文寫作 II 2; MUS1512 Seminar in Western Music History I 西方音樂史專題研討 I 1; MUS2512 Seminar in Western Music History II 西方音樂史專題研討 II 1 || Language, textual, and cross-cultural competence: MUS4113 Music in Popular Culture 流行文化中的音樂 3; MUS3113 Music in World Culture 世界文化中的音樂 3 || Domain-specific professional knowledge: MUS1110 Materials and Structure of Music I 音樂材料與結構 I 2; MUS1111 Materials and Structure of Music Ⅱ 音樂材料與結構 Ⅱ 2; MUS3201 Laws and Regulations in Creative; MUS3700* Music Management and Promotion 音樂管理與推廣 2 || Practical application and industry readiness: MUS1001 Applied Music I 專業主修 I 2; MUS1002 Applied Music II 專業主修 II 2; MUS1007 Aural Practice and Perception I 聽音練習和感知 I 2; MUS4505 Applied Musicology 應用音樂學 2; MUS2550 Chinese Vocal Music Practicum 中國傳統聲樂作品模唱 2","This programme appears to train students primarily in Foundational disciplinary knowledge, Research and methodological ability, Domain-specific professional knowledge, Practical application and industry readiness.",Based on study scheme requirements and course titles; course descriptions and learning outcomes are not included unless present in the PDF.
Music Performance,音乐表演,71,"required courses, major electives, streams/specializations",Practical application and industry readiness,Domain-specific professional knowledge,Domain-specific professional knowledge: MUS1110 Materials and Structure of Music I 音樂材料與結構 I 2 || Practical application and industry readiness: MUS1001 Applied Music I 專業主修 I 2; MUS1002 Applied Music II 專業主修 II 2; MUS1007 Aural Practice and Perception I 聽音練習和感知 I 2,This programme appears to train students primarily in Practical application and industry readiness.,Based on study scheme requirements and course titles; course descriptions and learning outcomes are not included unless present in the PDF.
